"Source:","K:\Personal\Steve\KiCadProjects\CLCD\CLCD-VDC.kicad_sch"
"Date:","2022-07-02 11:38:55 AM"
"Tool:","Eeschema (6.0.2)"
"Generator:","C:\Program Files\KiCad\6.0\bin\scripting\plugins/bom_csv_grouped_by_value_with_fp.py"
"Component Count:","100"
"Ref","Qnty","Value","Cmp name","Footprint","Description","Vendor"
"C1, C2, C3, C4, ","4","22pF","C-superpet-rescue","Capacitor_THT:C_Disc_D4.7mm_W2.5mm_P5.00mm","",""
"C5, C6, C7, C8, ","4","1uF","C_Polarized_US","Capacitor_THT:C_Disc_D4.7mm_W2.5mm_P5.00mm","Polarized capacitor, US symbol",""
"C9, C10, C11, C12, C13, C14, C15, C16, C17, C20, C21, C22, C23, C27, ","14","0.1","C_Small","Capacitor_THT:C_Disc_D4.7mm_W2.5mm_P5.00mm","Unpolarized capacitor, small symbol",""
"C18, ","1","C_Polarized","C_Polarized","Capacitor_THT:CP_Radial_D7.5mm_P2.50mm","Polarized capacitor",""
"C28, ","1","0.01uf *","C_Small","Capacitor_THT:C_Disc_D4.7mm_W2.5mm_P5.00mm","Unpolarized capacitor, small symbol",""
"CN1, ","1","SERIAL_BUS_CON","SERIAL_BUS_CON","KU-14194HB-RevB-KiCad:SERIAL_CON_DIN6","",""
"J1, ","1","JTAG","Conn_02x05_Odd_Even-superpet-rescue","Connector_PinHeader_2.54mm:PinHeader_2x05_P2.54mm_Vertical","",""
"J2, J3, J4, J6, ","4","Conn_01x08","Conn_01x08","Connector_PinHeader_2.54mm:PinHeader_1x08_P2.54mm_Vertical","Generic connector, single row, 01x08, script generated (kicad-library-utils/schlib/autogen/connector/)",""
"J5, ","1","IDC Header","Conn_02x13_Counter_Clockwise","Connector_PinHeader_2.54mm:PinHeader_2x13_P2.54mm_Vertical","Generic connector, double row, 02x13, counter clockwise pin numbering scheme (similar to DIP packge numbering), script generated (kicad-library-utils/schlib/autogen/connector/)",""
"J7, ","1","DB25_Male_MountingHoles","DB25_Male_MountingHoles","Connector_Dsub:DSUB-25_Male_Horizontal_P2.77x2.84mm_EdgePinOffset4.94mm_Housed_MountingHolesOffset7.48mm","25-pin male D-SUB connector, Mounting Hole",""
"J8, ","1","VDC_FONTOPT","Conn_01x03","Connector_PinHeader_2.54mm:PinHeader_1x03_P2.54mm_Vertical","Generic connector, single row, 01x03, script generated (kicad-library-utils/schlib/autogen/connector/)",""
"J9, ","1","Centronics Header","Conn_01x12","Connector_PinHeader_2.54mm:PinHeader_1x12_P2.54mm_Vertical","Generic connector, single row, 01x12, script generated (kicad-library-utils/schlib/autogen/connector/)",""
"J10, J26, ","2","POWER","Conn_01x02","Connector_PinHeader_2.54mm:PinHeader_1x02_P2.54mm_Vertical","Generic connector, single row, 01x02, script generated (kicad-library-utils/schlib/autogen/connector/)",""
"J11, ","1","IEC Header","Conn_01x06","Connector_PinHeader_2.54mm:PinHeader_1x06_P2.54mm_Vertical","Generic connector, single row, 01x06, script generated (kicad-library-utils/schlib/autogen/connector/)",""
"J12, ","1","Barrel_Jack_Switch","Barrel_Jack_Switch","Connector_BarrelJack:BarrelJack_Horizontal","DC Barrel Jack with an internal switch",""
"J13, ","1","CS_Header","Conn_01x07","Connector_PinHeader_2.54mm:PinHeader_1x07_P2.54mm_Vertical","Generic connector, single row, 01x07, script generated (kicad-library-utils/schlib/autogen/connector/)",""
"J14, ","1","Barcode Header","Conn_01x03","Connector_PinHeader_2.54mm:PinHeader_1x03_P2.54mm_Vertical","Generic connector, single row, 01x03, script generated (kicad-library-utils/schlib/autogen/connector/)",""
"J15, ","1","PIEZO ENABLE","Conn_01x02","Connector_PinHeader_2.54mm:PinHeader_1x02_P2.54mm_Vertical","Generic connector, single row, 01x02, script generated (kicad-library-utils/schlib/autogen/connector/)",""
"J16, ","1","TTL SERIAL","Conn_01x04","Connector_PinHeader_2.54mm:PinHeader_1x04_P2.54mm_Vertical","Generic connector, single row, 01x04, script generated (kicad-library-utils/schlib/autogen/connector/)",""
"J17, ","1","DB9_Male_MountingHoles","DB9_Male_MountingHoles-superpet-rescue","Connector_Dsub:DSUB-9_Male_Horizontal_P2.77x2.84mm_EdgePinOffset4.94mm_Housed_MountingHolesOffset7.48mm","",""
"J18, ","1","RS232 Header","Conn_02x05_Odd_Even","Connector_PinHeader_2.54mm:PinHeader_2x05_P2.54mm_Vertical","Generic connector, double row, 02x05, odd/even pin numbering scheme (row 1 odd numbers, row 2 even numbers), script generated (kicad-library-utils/schlib/autogen/connector/)",""
"J19, ","1","RGBI","Conn_01x10","Connector_PinHeader_2.54mm:PinHeader_1x10_P2.54mm_Vertical","Generic connector, single row, 01x10, script generated (kicad-library-utils/schlib/autogen/connector/)",""
"J20, ","1","DB9_Female","DB9_Female","Connector_Dsub:DSUB-9_Female_Horizontal_P2.77x2.84mm_EdgePinOffset4.94mm_Housed_MountingHolesOffset7.48mm","9-pin female D-SUB connector",""
"J21, ","1","VDC_A14","Conn_01x03","Connector_PinHeader_2.54mm:PinHeader_1x03_P2.54mm_Vertical","Generic connector, single row, 01x03, script generated (kicad-library-utils/schlib/autogen/connector/)",""
"J22, ","1","RESET","Conn_01x03","Connector_PinHeader_2.54mm:PinHeader_1x03_P2.54mm_Vertical","Generic connector, single row, 01x03, script generated (kicad-library-utils/schlib/autogen/connector/)",""
"J23, J25, ","2","Conn_01x01","Conn_01x01","Connector_PinHeader_2.54mm:PinHeader_1x01_P2.54mm_Vertical","Generic connector, single row, 01x01, script generated (kicad-library-utils/schlib/autogen/connector/)",""
"J24, ","1","CPU Clock","Conn_02x04_Odd_Even","Connector_PinHeader_2.54mm:PinHeader_2x04_P2.54mm_Vertical","Generic connector, double row, 02x04, odd/even pin numbering scheme (row 1 odd numbers, row 2 even numbers), script generated (kicad-library-utils/schlib/autogen/connector/)",""
"J28, ","1","Conn_02x25_Counter_Clockwise","Conn_02x25_Counter_Clockwise","Connector_PinHeader_2.54mm:PinHeader_2x25_P2.54mm_Vertical","Generic connector, double row, 02x25, counter clockwise pin numbering scheme (similar to DIP packge numbering), script generated (kicad-library-utils/schlib/autogen/connector/)",""
"J31, ","1","VDC UPSEL","Conn_01x03","Connector_PinHeader_2.54mm:PinHeader_1x03_P2.54mm_Vertical","Generic connector, single row, 01x03, script generated (kicad-library-utils/schlib/autogen/connector/)",""
"J32, ","1","VDC Clock","Conn_02x04_Odd_Even","Connector_PinHeader_2.54mm:PinHeader_2x04_P2.54mm_Vertical","Generic connector, double row, 02x04, odd/even pin numbering scheme (row 1 odd numbers, row 2 even numbers), script generated (kicad-library-utils/schlib/autogen/connector/)",""
"MT1, ","1","Piezo","Speaker","TestPoint:TestPoint_2Pads_Pitch2.54mm_Drill0.8mm","Speaker",""
"Q1, Q2, Q3, Q4, Q5, ","5","2N3904","2N3904","Package_TO_SOT_THT:TO-92_Inline","0.2A Ic, 40V Vce, Small Signal NPN Transistor, TO-92",""
"R1, R5, R7, ","3","1K","R","Resistor_THT:R_Axial_DIN0204_L3.6mm_D1.6mm_P7.62mm_Horizontal","Resistor",""
"R2, R3, R4, R6, R8, ","5","4K7","R","Resistor_THT:R_Axial_DIN0204_L3.6mm_D1.6mm_P7.62mm_Horizontal","Resistor",""
"R9, ","1","100K","R","Resistor_THT:R_Axial_DIN0204_L3.6mm_D1.6mm_P7.62mm_Horizontal","Resistor",""
"R10, ","1","10K","R","Resistor_THT:R_Axial_DIN0204_L3.6mm_D1.6mm_P7.62mm_Horizontal","Resistor",""
"RN1, RN2, ","2","10K","R_Network08_US","Resistor_THT:R_Array_SIP9","8 resistor network, star topology, bussed resistors, small US symbol",""
"RN3, ","1","CPU pullups","R_Network04","Resistor_THT:R_Array_SIP5","4 resistor network, star topology, bussed resistors, small symbol",""
"SW1, ","1","RESET","SW_Push","Button_Switch_THT:SW_Tactile_SPST_Angled_PTS645Vx58-2LFS","Push button switch, generic, two pins",""
"SW2, ","1","SW_DPST","SW_DPST","Button_Switch_THT:SW_Push_2P1T_Toggle_CK_PVA1xxH2xxxxxxV2","Double Pole Single Throw (DPST) Switch",""
"U1, ","1","74HC14","74HC14","Package_DIP:DIP-14_W7.62mm_LongPads","Hex inverter schmitt trigger",""
"U2, U3, ","2","74HC165","74HC165","Package_DIP:DIP-16_W7.62mm_LongPads","Shift Register, 8-bit, Parallel Load",""
"U5, ","1","HM628512A","HM628512A-superpet-rescue","Package_DIP:DIP-32_W15.24mm_LongPads","",""
"U6, U13, ","2","W65C22NxPL","W65C22NxPL","Package_LCC:PLCC-44_THT-Socket","W65C22N CMOS Versatile Interface Adapter (VIA), 20-pin I/O, 2 Timer/Counters, NMOS-Compatible, PLCC-44",""
"U7, ","1","W65C02SxPL","W65C02SxPL","Package_LCC:PLCC-44_THT-Socket","W65C02S 8-bit CMOS General Purpose Microprocessor, PLCC-44",""
"U8, ","1","74LS393","74LS393","Package_DIP:DIP-14_W7.62mm_LongPads","Dual BCD 4-bit counter",""
"U9, ","1","EPM7128S","EPM7128S-superpet-rescue","Package_LCC:PLCC-84_THT-Socket","",""
"U10, ","1","74HC374","74HC374","Package_DIP:DIP-20_W7.62mm_LongPads","8-bit Register, 3-state outputs",""
"U11, ","1","27C080","27C080","Package_DIP:DIP-32_W15.24mm_LongPads","OTP EPROM 8 MiBit (1 Mi x 8)",""
"U14, ","1","msm58321","msm58321","Package_DIP:DIP-16_W7.62mm_LongPads","Realtime Clock",""
"U15, ","1","74LS573","74LS573","Package_DIP:DIP-20_W7.62mm_LongPads","8-bit Latch 3-state outputs",""
"U16, ","1","74LS244","74LS244","Package_DIP:DIP-20_W7.62mm_LongPads","Octal Buffer and Line Driver With 3-State Output, active-low enables, non-inverting outputs",""
"U17, ","1","27C512","27C512","Package_DIP:DIP-28_W15.24mm_LongPads","",""
"U18, ","1","8563","8563","Package_DIP:DIP-48_W15.24mm_LongPads","",""
"U19, ","1","6551","6551-superpet-rescue","Package_DIP:DIP-28_W15.24mm_LongPads","",""
"U20, ","1","IDT7007PLCC","IDT7007PLCC","Package_LCC:PLCC-68_THT-Socket","",""
"U21, ","1","MAX238","MAX238","Package_DIP:DIP-24_W7.62mm_LongPads","",""
"U22, ","1","74LS04","74LS04","Package_DIP:DIP-14_W7.62mm_LongPads","Hex Inverter",""
"U23, ","1","UM61512A","UM61512A","Package_DIP:DIP-32_W7.62mm","",""
"X1, X10, ","2","CXO_DIP8","CXO_DIP8","Oscillator:Oscillator_DIP-8","Crystal Clock Oscillator, DIP8-style metal package",""
"X2, ","1","32.768kHz, HC49U","Crystal-superpet-rescue","Crystal:Crystal_HC49-U_Vertical","",""
"X3, ","1","1.8432 MHz, HC49U","Crystal-superpet-rescue","Crystal:Crystal_HC49-U_Vertical","",""
